file,physical_pages,parsed_pages,chars,frag_ratio,avg_line_len,fw_ratio,bad_pages,verdict
1580mm热连轧机精轧区域带钢宽度缺陷分析及改进_陈志荣.pdf,5,5,3603,0.1488,29.78,0.0268,0,健康
1750mm热轧带钢宽度拉窄分析与控制措施_钟海容.pdf,3,3,3973,0.0132,26.14,0.0332,0,健康
1780mm热轧带钢宽度优化_赵照红.pdf,4,4,2551,0.3866,5.91,0.0385,0,可疑
1780mm热连轧机带钢精轧宽度头部拉窄问题及改进_刘杜.pdf,5,5,6782,0.1449,16.11,0.0457,0,健康
1780生产线的带钢宽度控制_杨中方.pdf,5,5,7907,0.0357,23.53,0.4628,0,可疑
1_500_mm热轧带钢宽度拉窄分析及其控制_黄治东.pdf,4,4,6311,0.0093,19.48,0.3558,0,可疑
2050_mm热轧头尾宽度精度提升的工艺优化与实践_汤日辉.pdf,4,4,7289,0.2083,17.87,0.0574,0,健康
AWC在八钢1750mm热轧的应用_郭勇.pdf,3,3,2857,0.3512,11.81,0.0454,1,可疑
CN101930225B-热轧卷取宽度的自动控制方法及其装置.pdf,22,0,0,0.0,0.0,0.0,0,无文本层扫描件
CN111080054A-一种热轧带钢宽度质量自动评价方法及系统.pdf,18,17,10508,0.0273,22.08,0.0445,4,健康
CN111633036A-减少热连轧卷取机建张时局部拉窄的方法.pdf,4,3,1937,0.0,21.29,0.0511,0,健康
CN118114107A-一种带钢板形缺陷的判断方法.pdf,13,13,12613,0.0265,25.69,0.0398,1,健康
CN119114638A-一种提高换规格首卷钢宽度精度的方法.pdf,11,10,7364,0.0183,22.52,0.0502,2,健康
CN119114641A-一种圆盘剪原料宽度异常识别方法.pdf,10,10,7290,0.0189,23.0,0.048,2,健康
CN120268824A-一种热连轧生产线板坯测宽系统冷态补偿方法.pdf,7,7,5241,0.1135,18.59,0.0408,1,健康
CN120571864A-一种应对边厚及局部高点缺陷的卷取方法、系统、设备及介质.pdf,12,12,10194,0.0049,25.11,0.0521,1,健康
CN201210211043-铁素体热轧不锈钢楔形板坯宽度控制方法-申请公开.pdf,5,4,2621,0.0171,22.4,0.0353,0,健康
CN201210211053-楔形板坯的热轧宽度控制方法-申请公开.pdf,11,10,6732,0.0315,23.54,0.0556,3,健康
CN201310418479-一种热连轧缩颈补偿控制方法-申请公开.pdf,11,11,7492,0.0155,19.41,0.0509,1,健康
CN201710273358-一种防止热连轧带钢卷取拉钢的方法-申请公开.pdf,6,5,3081,0.0204,20.96,0.0665,1,健康
CN201811633273-一种薄规格带钢热轧生产系统及生产方法-申请公开.pdf,6,5,3277,0.0072,23.58,0.0396,1,健康
CN201910398201-一种低成本消除板坯楔形的宽度控制方法-申请公开.pdf,7,7,4533,0.0136,20.51,0.0469,1,健康
CN201910398225-一种降低无取向硅钢头部窄尺的生产方法-申请公开.pdf,5,4,3801,0.0053,20.22,0.0621,0,健康
CN202110316202-一种极薄钢带卷取张力控制方法-申请公开.pdf,12,12,6690,0.0239,19.97,0.0537,3,健康
CN202210117874-一种楔形坯的轧制方法-申请公开.pdf,6,5,2783,0.0286,19.88,0.0726,1,健康
CN202210326872-一种两段式卷取张力控制方法-申请公开.pdf,16,16,6040,0.0407,22.37,0.0376,5,健康
CN202211035514-一种带钢生产的控制方法、系统以及控制设备-申请公开.pdf,13,11,7595,0.0292,22.14,0.0443,3,健康
CN202211355587-一种基于深度学习的带钢卷形缺陷预测与诊断方法-申请公开.pdf,13,12,9141,0.0143,21.71,0.0442,1,健康
CN202310218513-改善热轧带钢卷取拉窄的控制方法-申请公开.pdf,9,8,5880,0.0859,22.97,0.043,2,健康
CN202310220053-一种精轧立辊的辊缝控制方法和装置-申请公开.pdf,13,13,12151,0.0184,24.85,0.0536,1,健康
CN202311403387-轧制的宽度补偿自调节方法及相关设备-申请公开.pdf,12,11,8421,0.0284,21.7,0.0384,2,健康
CN202311740628-一种提高带钢宽度精度的控制方法-申请公开.pdf,6,5,3184,0.0134,21.37,0.0473,1,健康
CN202410584208-一种基于CSP流程在线调宽过渡坯的轧制方法-申请公开.pdf,6,6,3927,0.0292,22.96,0.0547,0,健康
CN202410889444-热轧带钢粗轧宽度的自适应控制方法、装置和电子设备-申请公开.pdf,25,22,18039,0.0689,25.37,0.0267,5,健康
CN202411146580-一种冷藏集装箱面板不锈钢拉矫板形控制方法-申请公开.pdf,5,5,3149,0.0079,24.8,0.0607,0,健康
CN202511459848-一种变工况下的热轧过程复合故障追溯方法-申请公开.pdf,13,12,10006,0.0225,28.19,0.0431,3,健康
CSP热轧带钢头部宽度拉窄的研究_高智.pdf,5,4,4047,0.3147,7.81,0.0462,0,可疑
一种两段式卷取张力控制方法.pdf,16,15,5383,0.0397,21.36,0.0368,5,健康
一种利用热轧机架间宽度计进行粗轧宽度设定的方法.pdf,10,8,8622,0.0049,20.98,0.0504,0,健康
一种单机架粗轧机自动压头尾控制方法.pdf,10,8,6126,0.0223,22.77,0.0597,2,健康
一种基于多座加热炉的热连轧机粗轧带钢宽度控制方法.pdf,18,0,0,0.0,0.0,0.0,0,无文本层扫描件
一种基于宽度模型学习瞬时值分析的辊缝偏差监测方法.pdf,12,12,7503,0.0228,19.04,0.0489,2,健康
一种基于机器视觉的精轧带钢尾部分段控制方法.pdf,10,9,7358,0.0312,20.9,0.0525,1,健康
一种大侧压定宽机的步进柔性控制方法.pdf,10,9,3637,0.0625,18.94,0.0481,5,健康
一种定宽机节奏控制方法.pdf,7,6,5260,0.0076,20.0,0.0411,1,健康
一种实现带钢宽度扩展的控制方法和带钢.pdf,9,8,6695,0.03,22.32,0.0512,1,健康
一种实现热轧带钢窄范围宽度控制的方法.pdf,8,7,4797,0.0325,19.5,0.0474,1,健康
一种带钢卷取的控制方法.pdf,13,11,6651,0.0171,22.7,0.0575,2,健康
一种带钢热连轧宽度控制方法.pdf,12,11,7452,0.0135,20.14,0.0724,2,健康
一种应用于粗轧带钢头尾宽度的短行程自适应控制方法.pdf,20,18,11399,0.0172,17.78,0.0607,4,健康
一种控制平整机组带钢粗糙度的工艺优化方法.pdf,17,17,7866,0.0128,20.07,0.0542,1,健康
一种提升生产效率的定宽压力机入口侧导板的控制方法.pdf,10,8,3055,0.0274,20.92,0.044,4,健康
一种提高热轧切边卷宽度精度的作业方法.pdf,7,6,3591,0.024,21.5,0.0546,2,健康
一种提高热轧带钢宽度精度的方法.pdf,7,6,3726,0.0161,20.03,0.0482,1,健康
一种提高热轧带钢尺寸精度的方法、装置、设备及介质.pdf,12,10,8701,0.0149,25.9,0.0453,2,健康
一种提高热连轧生产时带钢头尾部宽度精度的方法.pdf,9,0,0,0.0,0.0,0.0,0,无文本层扫描件
一种改善带钢头尾不规则形状的粗轧控制方法.pdf,10,9,3407,0.06,22.71,0.0476,5,健康
一种板带产品工序间宽度目标值及切边量动态优化方法.pdf,8,6,6562,0.0041,26.67,0.0553,0,健康
一种热轧大减宽带钢的宽度精度提升方法.pdf,11,11,7212,0.0152,18.3,0.0504,1,健康
一种热轧定宽机的SSP入口夹送辊自动检测及控制方法.pdf,9,8,3903,0.0203,19.81,0.0498,3,健康
一种热轧带钢卷取温度的控制方法及相关设备.pdf,15,14,12566,0.0218,24.88,0.0445,2,健康
一种热轧带钢卷取装置.pdf,9,8,6451,0.0138,22.24,0.0502,2,健康
一种热轧带钢宽度精度的控制方法.pdf,19,19,7496,0.0755,17.68,0.0542,6,健康
一种热轧带钢宽度补偿控制方法.pdf,10,9,4631,0.0188,21.74,0.0473,1,健康
一种热轧带钢的宽度控制方法及系统.pdf,14,14,9356,0.0302,21.71,0.047,4,健康
一种热轧带钢边部缺陷的控制方法、装置、设备和介质.pdf,14,12,10076,0.0222,22.39,0.0437,3,健康
一种热轧楔形坯的带钢宽度控制方法.pdf,12,10,6027,0.0292,19.57,0.0403,4,健康
一种热轧粗轧楔形坯宽度控制方法研究_朱红林.pdf,7,7,10026,0.1874,13.72,0.0652,0,健康
一种热轧过渡材粗轧区域宽度控制方法.pdf,10,9,7540,0.0141,17.74,0.0566,0,健康
一种热轧钢卷宽度自动控制方法.pdf,8,7,5011,0.0081,20.29,0.0478,1,健康
一种热连轧机飞剪带钢定位方法.pdf,11,0,0,0.0,0.0,0.0,0,无文本层扫描件
一种热连轧粗轧立-平轧制轧件头尾缺陷预测及评价方法.pdf,19,19,9349,0.2228,11.57,0.0522,7,健康
一种热连轧精轧带钢头部宽度防拉窄控制方法.pdf,12,11,7034,0.0299,23.37,0.0549,3,健康
一种热连轧精轧机组出口带钢性能预报方法.pdf,11,11,7076,0.0126,17.78,0.0509,0,健康
一种用于小规格连铸坯的热轧带钢方法及粗轧装置.pdf,17,16,10062,0.0667,19.73,0.0657,6,健康
一种粗轧R2可逆轧机辊缝偏差自动控制方法.pdf,8,8,7433,0.0126,23.37,0.0529,0,健康
一种粗轧头尾宽度控制方法及系统.pdf,9,8,6148,0.0204,25.09,0.043,2,健康
一种粗轧定宽机基于板坯头尾宽度预测的变步长控制方法.pdf,8,7,3212,0.0473,19.01,0.0482,3,健康
一种粗轧宽度动态前馈控制方法.pdf,19,18,6168,0.0269,16.58,0.0538,5,健康
一种粗轧带钢宽度控制方法.pdf,25,0,0,0.0,0.0,0.0,0,无文本层扫描件
一种粗轧带钢宽度的综合自适应控制方法.pdf,22,0,0,0.0,0.0,0.0,0,无文本层扫描件
一种粗轧带钢的宽度优化设定方法.pdf,22,0,0,0.0,0.0,0.0,0,无文本层扫描件
一种粗轧机改善中间坯楔形的控制方法.pdf,8,8,5688,0.0151,21.46,0.0532,1,健康
一种粗轧自适应调整方法及系统.pdf,11,9,7079,0.0168,23.76,0.0355,2,健康
一种解决薄规格带钢尾部失去张力飞入卷取机的方法.pdf,5,4,2406,0.0093,22.49,0.0357,1,健康
一种长时间未轧规格的宽度控制参数预调整方法.pdf,10,9,7340,0.0795,20.85,0.0587,0,健康
一种防止热连轧机粗轧立辊测压时带钢侧翻的控制方法.pdf,11,10,4648,0.0235,21.82,0.0534,3,健康
低配置热连轧带钢轧机宽度控制精度的改进_郭立平.pdf,4,4,5551,0.4304,11.89,0.4949,1,可疑
关于热轧带钢轧机自动宽度控制系统设计技术的探讨_付选.pdf,1,1,1293,0.0189,24.4,0.0482,0,健康
减小热轧中宽带钢宽度偏差的措施_王四海.pdf,3,0,0,0.0,0.0,0.0,0,无文本层扫描件
减小热轧带钢楔形的措施_田宝生.pdf,3,3,4576,0.0636,19.39,0.0527,0,健康
减少热轧带钢头尾不规则形状延伸技术研究与实践_曾龙华.pdf,4,4,2807,0.0316,29.55,0.0394,0,健康
唐钢1810mm热带生产线宽度控制分析_吕长宝.pdf,4,4,4895,0.127,15.94,0.0334,0,健康
唐钢1810mm生产线热轧带钢宽度精度控制_董跃星.pdf,3,3,3202,0.0256,20.53,0.0375,0,健康
在热轧宽带钢粗轧机列中缩小板坯宽度的压边机.pdf,12,0,0,0.0,0.0,0.0,0,无文本层扫描件
基于ABC-LightGBM模型和SHAP解释的热连轧带钢宽度预测_李京栋.pdf,15,15,11311,0.3472,21.34,0.0318,3,可疑
基于SA-SCSO-SCN神经网络的热轧过程精轧的带钢宽度控制方法.pdf,16,15,6807,0.0788,15.33,0.061,4,健康
基于因子分析的板带热轧产品质量缺陷诊断_彭文.pdf,6,6,9033,0.182,15.96,0.0697,0,健康
基于增量学习树模型的带钢精轧宽度预测_王家亮.pdf,9,9,17295,0.1597,9.09,0.0,0,健康
基于大侧压设备的楔形带钢宽度控制方法.pdf,16,16,14337,0.0144,22.87,0.0477,2,健康
基于批次回归系数的热轧带钢头部拉窄过程监控与诊断_孙勇.pdf,9,9,13118,0.4814,11.89,0.0234,3,可疑
基于持续优化侧压策略的轧制宽度控制方法.pdf,21,20,12638,0.016,22.49,0.0546,1,健康
基于有限元仿真的热连轧精轧带钢楔形控制分析_刘坤.pdf,8,8,12541,0.0959,21.47,0.0,0,健康
基于深度置信网络的热连轧精轧过程故障诊断方法.pdf,10,10,13380,0.1985,14.51,0.0027,0,健康
基于粒子群遗传优化的热轧带钢头尾宽度控制_田野.pdf,5,5,7145,0.0891,18.18,0.0606,0,健康
多模式连续铸轧生产线活套控制优化研究及应用_王彪.pdf,10,10,14164,0.1724,13.2,0.0525,0,健康
定宽压力机定宽过程中金属流动规律与板坯断面形状研究_彭文.pdf,10,10,13167,0.0592,19.0,0.0296,0,健康
宝钢2050_mm热轧粗轧短行程功能优化技术_李庆.pdf,3,3,2329,0.266,7.46,0.0475,0,健康
宽度控制理论及方法研究_白云强.pdf,5,5,6126,0.2644,8.02,0.0484,0,健康
带钢成品宽度控制研究_何威.pdf,2,2,2085,0.0286,19.86,0.0851,0,健康
带钢楔形程度的确定方法、装置、设备、介质及程序产品.pdf,12,10,7683,0.025,21.34,0.0465,3,健康
带钢热轧全流程质量建模与异常溯源的研究现状与展望_马亮.pdf,9,9,16900,0.0744,24.18,0.5897,0,可疑
带钢热轧宽度模型优化应用研究.pdf,57,57,30963,0.1856,15.08,0.087,2,健康
带钢精轧阶段高精度宽度控制策略_马更生.pdf,3,3,5306,0.2341,15.34,0.4506,0,可疑
常规1580热连轧机组生产1500mm宽度热轧带钢的轧制方法.pdf,5,4,3779,0.1117,19.18,0.0443,0,健康
常规热连轧精轧稳定性的影响因素及控制措施_方正.pdf,3,3,6041,0.1801,18.76,0.0649,0,健康
承钢1780mm热轧带钢拉窄原因分析与控制措施.pdf,3,3,2274,0.026,29.53,0.0533,0,健康
提高热轧带钢宽度控制精度的综合措施_李兴田.pdf,3,3,2473,0.0,26.03,0.0342,0,健康
提高热轧带钢成品的宽度控制精度_张宏献 .pdf,4,4,6647,0.0767,18.88,0.4061,0,可疑
本钢1700mm热轧机组带钢宽度精度的影响因素_姚义.pdf,5,5,3397,0.0,34.66,0.0387,0,健康
本钢1780mm热连轧粗轧机宽度模型_徐博.pdf,2,2,3852,0.4511,9.19,0.0432,1,可疑
梅钢1422mm热轧带钢宽度控制的改进_卞皓.pdf,3,3,2428,0.3634,7.06,0.0,0,可疑
浅析影响热轧带钢宽度精度的因素_侯宝辉.pdf,3,3,2947,0.0127,18.77,0.0142,0,健康
浅论热轧窄带钢的宽度控制_邹翠荣.pdf,2,2,1642,0.3182,7.46,0.0551,0,可疑
浅谈热轧带钢宽度控制系统AWC的应用_李杨.pdf,2,2,3302,0.0743,18.87,0.0633,0,健康
浅谈热连轧精轧机组活套控制模型_展恩颖.pdf,2,2,1596,0.1011,17.93,0.0495,0,健康
炉前板坯宽度校核模型开发与应用_刘旭辉.pdf,5,5,7512,0.1291,16.44,0.067,0,健康
热态钢板切分的探索与展望_李宏图.pdf,1,1,998,0.0435,43.39,0.0663,0,健康
热轧产线精轧设定计算研究与分析_崔岩.pdf,4,4,4244,0.0711,17.76,0.171,0,可疑
热轧卷头尾宽度控制研究及现场应用_李力凡.pdf,5,5,4969,0.0108,17.81,0.0,0,健康
热轧带钢内圈卷形缺陷成因分析及预防措施_丁美良.pdf,6,6,6301,0.0222,20.0,0.4527,0,可疑
热轧带钢头尾宽度尺寸控制优化_卢斌.pdf,4,4,2943,0.3391,6.4,0.0553,1,可疑
热轧带钢头尾宽度模型控制优化_邱华东.pdf,3,3,3625,0.2857,12.95,0.0557,0,健康
热轧带钢头尾拉窄的原因与对策_袁吉.pdf,3,3,2735,0.0143,19.54,0.056,0,健康
热轧带钢头尾拉窄的原因分析与控制措施_张明金.pdf,3,0,0,0.0,0.0,0.0,0,无文本层扫描件
热轧带钢头尾短行程控制自学习策略_田野.pdf,4,4,4642,0.0565,18.72,0.0533,0,健康
热轧带钢宽度不良原因分析及改进_黄瑞坤.pdf,5,5,5609,0.0869,13.17,0.0783,0,健康
热轧带钢宽度控制技术改进_黄爽.pdf,5,5,4041,0.3511,6.96,0.0365,0,可疑
热轧带钢宽度控制模型的改进_郭立平.pdf,3,3,3488,0.0511,25.46,0.0749,0,健康
热轧带钢宽度控制的改进措施_黄爽.pdf,4,4,5875,0.0467,22.86,0.4203,0,可疑
热轧带钢宽度控制系统AWC的应用_李朝晖.pdf,3,3,3897,0.0415,20.19,0.0491,0,健康
热轧带钢宽度控制系统的三项重要功能_刘其宏.pdf,3,3,3499,0.4017,5.98,0.0485,0,可疑
热轧带钢宽度的模糊专家控制策略_杨双庆 (1).pdf,4,4,6130,0.1511,22.05,0.034,0,健康
热轧带钢宽度的模糊专家控制策略_杨双庆.pdf,4,4,6130,0.1511,22.05,0.034,0,健康
热轧带钢宽度精度控制的研究_李毅挺.pdf,5,5,7264,0.0294,21.36,0.397,0,可疑
热轧带钢宽度精度的控制_张明正.pdf,4,4,5119,0.0868,19.32,0.0425,0,健康
热轧带钢尾部宽度超差控制技术研究_王法治.pdf,4,4,3704,0.3518,6.2,0.0493,1,可疑
热轧带钢控制系统宽度控制的优化_杨滋.pdf,1,1,2051,0.0135,27.72,0.0406,0,健康
热轧带钢温度均匀性控制方法和带钢.pdf,8,7,5925,0.0144,21.39,0.0435,1,健康
热轧带钢的宽度自动控制_杨广.pdf,4,4,3531,0.3734,5.73,0.0427,0,可疑
热轧带钢粗轧宽度优化实践_贺应广.pdf,4,4,2973,0.0353,17.49,0.0812,0,健康
热轧带钢粗轧宽度自动控制模型解析工具的开发_谢利群.pdf,4,4,3491,0.2923,12.29,0.0622,1,健康
热轧带钢粗轧机自动宽度控制的应用_郑亮.pdf,1,1,2256,0.0,26.86,0.0505,0,健康
热轧带钢计算机宽度控制_裴雅文.pdf,4,4,4015,0.0299,19.98,0.0609,0,健康
热轧带钢调宽技术研究与优化_吴建峰.pdf,150,146,60012,0.4772,7.5,0.0,57,可疑
热轧带钢轧后冷却控制系统的设计与应用_魏学松.pdf,93,87,48922,0.2536,15.17,0.0299,11,健康
热轧带钢轧机自动宽度控制(AWC)系统设计与实现_周沛.pdf,4,4,3102,0.0062,19.15,0.0737,0,健康
热轧液压宽度控制的改进与应用_李健.pdf,5,5,5457,0.2855,8.51,0.0697,0,健康
热轧生产线带钢轧机自动宽度控制(AWC)_朱剑涛.pdf,1,1,1842,0.0676,24.89,0.0654,0,健康
热轧窄带钢宽度控制_郭承军.pdf,3,3,4120,0.0516,19.34,0.059,0,健康
热轧窄带钢生产过程中常见质量问题分析_董兴辉.pdf,3,3,3655,0.0,21.5,0.1963,0,可疑
热轧立辊轧机宽度自动控制系统设计与应用_武振威.pdf,86,80,38508,0.4817,6.04,0.0433,35,可疑
热轧粗轧板坯宽度控制系统研究_陈铎.pdf,2,2,3603,0.1209,19.8,0.2791,0,可疑
热轧精轧带钢位置的在线监测装置的标定方法.pdf,22,19,14845,0.0207,21.93,0.0312,5,健康
热轧过程卷取张力综合优化设定模型的开发_白振华.pdf,7,7,10535,0.1991,16.26,0.0539,0,健康
热连轧产线中利用精轧机前立辊进行带钢宽度控制方法.pdf,10,8,4879,0.0437,21.31,0.0482,3,健康
热连轧带钢调宽技术研究进展_王彦凤.pdf,4,4,7346,0.0,24.57,0.4284,0,可疑
热连轧机组中带钢宽度预测系统的研究与设计_党康博.pdf,74,73,56355,0.4805,11.81,0.0283,16,可疑
热连轧机组轧制过程宽展量评估技术的开发_张燕东.pdf,9,9,15685,0.1735,8.27,0.0,0,健康
热连轧活套控制稳定性对带钢宽度控制影响研究_刘苗.pdf,1,1,1500,0.1383,15.96,0.0557,0,健康
热连轧活套稳定性评价及应用_栗建辉.pdf,4,4,5552,0.0578,20.04,0.0589,0,健康
热连轧粗轧立辊磨损模型的研究与应用_张湧.pdf,5,5,8038,0.1347,17.74,0.5026,0,可疑
热连轧精轧宽度控制技术的研究及应用_李家波.pdf,5,5,7570,0.1361,17.17,0.3846,0,可疑
热连轧精轧活套控制技术研究与应用_范建鑫.pdf,72,68,30966,0.467,5.94,0.0516,26,可疑
用于热轧带钢头尾宽度的短行程前馈自学习控制方法.pdf,24,22,17704,0.0139,24.52,0.0401,5,健康
电工钢热连轧宽度自适应模型优化及应用_张庭.pdf,4,4,4949,0.0226,22.39,0.3626,0,可疑
粗轧模式切换对带钢宽度的影响_秦红波.pdf,7,7,8041,0.2108,12.74,0.0746,0,健康
粗轧狗骨失宽的控制_张庆泓.pdf,6,6,7072,0.107,19.92,0.059,0,健康
粗轧立辊头尾宽度控制技术_曹明振.pdf,5,5,4387,0.0097,21.19,0.3914,0,可疑
粗轧过程中对钢板头尾超宽的控制方法.pdf,9,9,5663,0.2,19.2,0.0585,2,健康
精轧张力对带钢宽度的影响_张所全.pdf,4,4,3146,0.4311,6.11,0.0602,0,可疑
自动宽度控制方法在热轧带钢宽度控制中的应用_田野.pdf,4,4,3550,0.2219,11.09,0.048,0,健康
轧件宽度对热轧带钢轧机弹跳的影响_李海军.pdf,5,5,6987,0.139,17.04,0.0654,0,健康
连续退火过程中带钢缩颈预报及控制技术的研究_牛百草.pdf,81,81,54660,0.4338,10.96,0.0349,20,可疑
连铸连轧产线更新钢卷信息的方法、装置、介质及设备.pdf,9,7,6178,0.0217,22.3,0.0461,1,健康
针对热轧带钢头部拉窄的活套控制系统改进_杨平.pdf,6,6,7683,0.0453,20.49,0.3999,0,可疑
零相位及梳子滤波算法在宝钢热轧带钢宽度控制中的应用.pdf,4,4,4155,0.0299,20.67,0.0428,0,健康
鞍钢1580mm热轧线宽度精度研究_贺亮.pdf,5,5,6634,0.211,14.58,0.0532,0,健康
鞍钢1580mm生产线宽度精度控制技术研究_王刚.pdf,56,52,29396,0.2026,21.04,0.0561,7,健康
首钢京唐1580热连轧精轧机活套高度及张力控制_赵坤鹏.pdf,4,4,6840,0.2691,16.89,0.0414,0,健康
马钢热轧2250机组的宽度控制与实践_钱伟.pdf,3,3,4520,0.0578,20.09,0.0495,0,健康
高强钢宽度异常分析及对策_肖鹏.pdf,4,4,3594,0.0345,30.98,0.0406,0,健康
